employee_id,full_name,email,department,region,work_mode,skills,is_manager,training_completed,hire_date,age,years_experience,training_hours,weekly_workload_hours,sleep_hours,absenteeism_days,engagement_score,stress_score,completed_projects,quality_score,customer_satisfaction,performance_score,monthly_salary_eur,annual_bonus_eur,total_compensation_eur,productivity_index,high_performer
EMP-1001,  ENEA KOLA  ,, FINANCE , SOUTH ,hybrid,"SQL, Excel, Forecasting",true,Y,2021-02-04,30.0,5.0,42.2,40.2,7.5,2,55.2,24.1,9,63.8,3.35,68.4,2965.93,1121.17,,57.45,0
EMP-1002,nora costa,nora.costa@novapulse.com,,Central, OFFICE ,"Excel, Presentation, Negotiation",true,no,2009-01-06,39.0,17.0,28.4,47.9,6.9,2,45.7,53.6,6,58.3,3.06,65.5,3618.57,1176.29,,34.96,FALSE
EMP-1003, Klea Clark ,klea.clark@novapulse.com,TECH,Central, HYBRID ,"SQL, Power BI, Git",FALSE,1,2013-06-23,36.0,13.0,39.1,36.6,7.5, 0 ,61.6,19.8,6,62.4,2.92,76.0,2821.21,1579.9, 35434.4 ,37.46,no
EMP-1004,Elira  Gjoni,elira.gjoni@novapulse.com, SALES ,Central,Hybrid,"Communication, CRM, Forecasting",YES,1,2008-03-04,39.0,18.0,,51.8,7.0,3,60.6,59.0,2,56.1,3.24,69.7,3537.02,1330.05,43774.27,11.23,0
EMP-1005,Oliver Shehu!,, FINANCE , CENTRAL ,Office,"Power BI, Budgeting, Excel",yes,NO,2013-02-28,34.0,13.0,30.5,48.2,6.2, 0 ,49.0,57.0,3,67.0,,71.4,3004.28,1604.76,37656.14,20.09,FALSE
EMP-1006,Elira Hill, ELIRA.HILL@NOVAPULSE.COM ,Technology,North,Remote,"Python, Machine Learning, SQL",no,TRUE,2025-05-02, 24.0 ,1.0,36.7,45.5,5.5,2,90.7,42.4,4,74.6,3.8, 79.4 ,1882.72,888.67,23481.35,29.85,
EMP-1007,  SARA BROWN  ,sara.brown@novapulse.com, SALES ,central,Office,"Communication, CRM, Forecasting",Y,FALSE,2014-04-14,36.0,12.0,9.7,44.7,7.2,5,63.3,52.0,6,60.7,2.95, 55.8 ,3126.19,733.36,38247.69,36.45,
EMP-1008,sara scott,sara.scott@novapulse.com,Sales, CENTRAL ,Office,"Excel, Presentation, Negotiation",0,Y,2017-06-05,33.0,9.0,69.6,43.2,6.1,1,65.7,55.2,1, 65.2 ,2.77,85.3,15000.0,1022.47,26615.44,6.52,
EMP-1009, Noah Walker ,noah.walker@novapulse.com,sales,central,Hybrid,"Communication, CRM, Forecasting",N,false,,24.0,0.0,12.6,48.0,5.5,2,81.1, 56.1 ,5,65.7,3.07,68.9,1557.37,,19235.86,,N
EMP-1010,Mia  Rossi, MIA.ROSSI@NOVAPULSE.COM ,TECH,south,Remote,"Python, Machine Learning, SQL",NO,yes,2002-02-04,48.0,24.0,40.7,35.4,7.4, 0 ,73.9,18.9, 12 ,63.9,3.74,87.4,3970.14,2235.17,,76.72,NO
EMP-1011,Lucas Green!,lucas.green@novapulse.com,finance, NORTH ,Hybrid,"Power BI, Budgeting, Excel",1,true,2015-09-29,35.0,10.0,,48.9,6.7,0,,52.7,5,67.7,2.72,68.3,2898.15,983.52, 35761.32 ,33.86,false
EMP-1012,Dea Basha,,Technology,North, REMOTE ,"Python, APIs, Docker",0,1,2026-05-26, 22.0 , 0.0 ,38.5,42.7,7.7,1,,33.5,4,71.2,3.16,71.0,1568.62,713.37,19536.77,28.5,N
EMP-1013,  MEGI KOLA  ,,FINANCE,South, HYBRID ,"Excel, Financial Modeling, Reporting",NO,true,2016-08-20,36.0,9.0,37.6,42.1,7.2,0,59.8,31.0,7, 70.2 ,2.68,71.8,2607.7,1176.45,,49.11,no
EMP-1014,oliver petrova,oliver.petrova@novapulse.com,Technology, CENTRAL , OFFICE ,"Python, Machine Learning, SQL",no,NO,not recorded,48.0,27.0,18.9,38.8,6.7,5,,44.6,6,61.3,3.05,75.9,4313.32,2373.76,54133.63,,0
EMP-1015, Ina Rossi ,ina.rossi@novapulse.com,OPS,North,Hybrid,"Quality Control, Excel, Planning",YES,yes,2021-02-20,31.0,5.0,41.4,42.7,7.7,2,67.0,38.3,4,65.2, 3.06 ,67.0,2234.36,964.45,, 26.07 ,
EMP-1016,Dea  Kovač,,Technology,central, OFFICE ,"SQL, Power BI, Git",Y,TRUE,2011-06-29,40.0,15.0,28.5,46.8, 6.3 ,1,66.9,55.6,7, 62.0 ,2.51,73.7,3897.06,1369.37,,43.37,no
EMP-1017,Amelia Müller!,amelia.muller@novapulse.com,OPS,central,office,"Process Mapping, SQL, Reporting",TRUE,TRUE,2013-03-23,34.0,13.0,34.2, 48.3 ,5.0,0,,68.8,5, 62.4 ,2.55, 79.8 ,3369.32,1708.7,,31.2,false
EMP-1018,Noah Novak,noah.novak@novapulse.com,TECH,South, OFFICE ,"Python, SQL, Git",false,yes,2025-09-13,22.0,0.0,32.9,30.7,7.2, 2 ,74.2,30.5,10,72.0,3.05,75.7,1794.39,990.48,,72.01,false
EMP-1019,  ANDI LEKA  ,,OPS,central,hybrid,"Excel, Process Mapping, Communication",true,true,2001-06-26,46.0,25.0,31.6,48.2,7.5,0,69.2,41.6,7,60.8,,79.7,4205.34,1798.26,52262.39,42.54,
EMP-1020,megi prifti,megi.prifti@novapulse.com,technology, NORTH ,office,"Python, SQL, Git",Y,FALSE,2014-05-15,39.0,12.0,28.3,44.9, 6.8 ,0,60.4,47.7,5,68.0,2.14,74.7, 3369.01 ,1686.68,,33.99,
EMP-1021, Andi Leka ,andi.leka@novapulse.com,operations,south,Office,"Excel, Process Mapping, Communication",NO,FALSE,2002-09-21,46.0,23.0,15.1,34.2,8.0,0,62.4,22.6,6,66.2,2.89,68.7,2935.25,981.75,,,N
EMP-1022,Adrian  Díaz,adrian.diaz@novapulse.com,operations,North,,"Excel, Process Mapping, Communication",FALSE,YES,2008-08-08,41.0,17.0,32.8,43.3,6.9,0,81.7,43.8,11,58.5,3.47,82.0,2933.0,1362.55,36558.58,64.33,FALSE
EMP-1023,Emma Brown!,emma.brown@novapulse.com,finance,Central,Office,"SQL, Excel, Forecasting",no,1,2014-01-10,,12.0,47.3,33.2,7.6,0,60.0,20.2,5,70.2,3.46,77.5,2713.7,1341.55,,,no
EMP-1024,Ina Petrova,,Sales,north,hybrid,"Excel, Presentation, Negotiation",FALSE,NO,2010-04-26,39.0, 16.0 ,9.7,51.2,5.9,0,80.4,59.8,6,69.4,2.51,74.0,2786.28,,34705.88,41.63,0
EMP-1025,  OLIVER MEMA  ,oliver.mema@novapulse.com,finance, NORTH , OFFICE ,"SQL, Excel, Forecasting",yes,FALSE,2007-11-25, 39.0 ,18.0,240.0, 41.9 ,6.5,1,,40.9,6,62.5,2.24,67.8,3985.03,1366.81,49187.13,37.49,no
EMP-1026,florian hill, FLORIAN.HILL@NOVAPULSE.COM ,SALES, NORTH ,Office,"CRM, Negotiation, Excel",no,yes,2015-04-15,35.0, 11.0 ,36.3,45.0,6.5,0, 76.6 , 48.7 , 5 ,65.5,3.07,81.9,2499.69,1493.52,31489.8,32.77,
EMP-1027, Erion King ,erion.king@novapulse.com,finance, CENTRAL ,Hybrid,"SQL, Excel, Forecasting",N,1,2003-05-30,49.0,23.0,57.6,41.7,8.1, 1 ,55.4,40.3, 7 ,69.2, 3.19 ,80.2,3715.14,2072.0,46653.67,48.43,NO
EMP-1028,Arta  Prifti,arta.prifti@novapulse.com,OPS, SOUTH ,Hybrid,"Excel, Process Mapping, Communication",TRUE,TRUE,2013-03-29,35.0,13.0,41.7,53.2,7.0,1,76.6,52.4,4,59.0,3.48,79.0,3260.34,1941.65,,23.58,
EMP-1029,Erion Walker!,erion.walker@novapulse.com, FINANCE ,North,Office,"SQL, Excel, Forecasting",1,TRUE,2012-10-09,38.0, 13.0 ,28.5,48.9,6.7,1,82.1,61.2,5,65.4,2.74,76.5,3421.43,,,,0
EMP-1030,Daniel Hoxha,,finance,central,office,"Power BI, Budgeting, Excel",0,no,2013-10-22,39.0,12.0,6.9,39.0,7.7,1,65.3,33.8, 6 ,58.7,3.18, 62.2 ,2614.18,643.09,32013.22,35.22,FALSE
EMP-1031,  INA RAMA  , INA.RAMA@NOVAPULSE.COM , FINANCE ,central,Hybrid,"SQL, Excel, Forecasting",true,TRUE,2015-02-24,35.0,11.0,31.6,44.6,7.2,0,60.0,55.9,4,51.0,2.71,67.7,2942.78,1230.64,36544.01,20.42,no
EMP-1032,lina dervishi,,FINANCE,central, REMOTE ,"SQL, Excel, Forecasting",false,true,2015-10-30,34.0,10.0,47.8,34.6,7.1,0,59.7,24.3,7,61.9,2.98,76.4,2485.53,1237.02,31063.4,43.33,no
EMP-1033, Era Taylor ,,Technology, NORTH ,Remote,"Python, SQL, Git",YES,Y,2018-04-17, 35.0 ,8.0,37.8,40.8,6.7,0,80.5,22.5,10,78.6,3.7,81.6,3363.55,1872.73,42235.27,,
EMP-1034,Mateo  Díaz,mateo.diaz@novapulse.com,Finance, CENTRAL ,office,"Power BI, Budgeting, Excel",0,false,2024-05-28,24.0, 2.0 ,16.9,35.8,7.8,0,59.2, 37.1 ,2,61.5, 2.93 ,61.1,1736.61,551.1,,12.29,N
EMP-1035,Sofia Green!,sofia.green@novapulse.com,operations, NORTH ,Remote,"Excel, Process Mapping, Communication",true,TRUE,2015-09-16,31.0,10.0,53.7,45.5,7.7,1,68.4,39.0, 7 ,67.2,2.92,77.4,2987.04,1110.83,,,no
EMP-1036,Ina Kovač, INA.KOVAC@NOVAPULSE.COM ,operations,North,hybrid,"Process Mapping, SQL, Reporting",false,yes,2022-10-02,30.0,3.0,42.9,48.7,7.2,2,72.4,39.1,6,70.6,,72.8,1748.28,887.8,,42.33,no
EMP-1037,  EMMA COSTA  ,,,south, OFFICE ,"Python, SQL, Git",1,0,2009-09-19,37.0,16.0,2.8,41.9,,1,65.5,41.0,5,60.1,2.87,61.8,3918.19,1468.37,48486.68,30.06,no
EMP-1038,enea costa,enea.costa@novapulse.com,Operations,central,hybrid,"Excel, Process Mapping, Communication",FALSE,no,2013-01-24,35.0,13.0,7.4,48.1,6.3,1,52.8,54.1,7,54.2,3.03,59.9,2033.79,608.35,25013.89,37.97,no
EMP-1039, Elira Kovač ,elira.kovac@novapulse.com,Technology,central, HYBRID ,"Python, APIs, Docker",FALSE,Y,2016-04-21,35.0,10.0,22.5,43.5, 7.2 ,3, 68.5 ,31.2,8,65.3, 3.51 ,69.6,2552.52,731.96,31362.14, 52.25 ,FALSE
EMP-1040,Emma  Kovač,emma.kovac@novapulse.com,technology,central,remote,"Python, SQL, Git",FALSE,1,2019-06-09,31.0,7.0,43.0,37.8, 8.2 ,2,89.8,29.8,8,75.2,3.86,83.5,2387.65,1039.9,29691.71,60.18,false
EMP-1041,Daniel Walker!,,Finance, NORTH ,office,"Excel, Financial Modeling, Reporting",NO,NO,2007-11-05,42.0,18.0,7.8,39.9,6.5,0, 52.1 , 35.9 ,4,52.9,2.56,63.5,3450.09,1133.06,42534.14,21.17,
EMP-1042,Sofia Basha,sofia.basha@novapulse.com,TECH,South, REMOTE ,"SQL, Power BI, Git",yes,unknown,2001-02-12,49.0,25.0,18.6, 40.1 ,6.7, 0 ,68.0,28.3,7,65.5,3.03,75.8,4322.95,1890.08,53765.52,,false
EMP-1043,  ARTA LEKA  ,,technology, NORTH ,hybrid,"Python, Machine Learning, SQL",true,TRUE,1999-09-22,47.0, 26.0 ,40.6,39.2,6.7,2,66.0,40.6,8,65.2,3.27,86.5, 4669.93 ,2727.12,,,NO
EMP-1044,mia garcía,mia.garcia@novapulse.com,sales, SOUTH ,hybrid,"Communication, CRM, Forecasting",0,1,2025-01-20,26.0,1.0,,43.7,7.9,2,,34.4,7,63.1,3.76,71.2,1306.64,500.87,16180.52,44.2,false
EMP-1045, Noel Costa , NOEL.COSTA@NOVAPULSE.COM ,FINANCE,Central, HYBRID ,"Excel, Financial Modeling, Reporting",TRUE,NO,2000-03-25,49.0,26.0,24.7,47.2,6.2,1,55.6,51.9,6,60.2,2.4,68.3, 4133.03 ,1503.06,51099.46,,0
EMP-1046,Noel  Prifti,noel.prifti@novapulse.com,technology,Central,hybrid,"SQL, Power BI, Git",TRUE,YES,2009-03-01,41.0,17.0,21.7, 31.8 ,8.2,0,79.8,22.7,5,68.8,3.61,69.4,3724.18,1367.54,,34.38,no
EMP-1047,Emma Scott!,emma.scott@novapulse.com,OPS,central,Office,"Excel, Process Mapping, Communication",N,1,,40.0,15.0,48.6,44.3,7.6,1,62.9,39.6,6,63.5,3.18,78.7,2526.24,1478.66,,,no
EMP-1048,Noel Petrova,noel.petrova@novapulse.com, FINANCE ,Central,Office,"Power BI, Budgeting, Excel",false,Y,2015-08-15, 36.0 ,10.0,22.7,40.6,7.8,1,51.8,35.4,6,55.1,2.45,57.5,2385.64,541.9,29169.63,33.07,N
EMP-1049,  AMELIA MÜLLER  , AMELIA.MULLER@NOVAPULSE.COM ,Finance, CENTRAL , OFFICE ,"Excel, Financial Modeling, Reporting",yes,yes,2008-12-26,38.0,17.0,26.0,42.8,7.7,2,63.3,39.5,7,57.5,2.78,67.1,3718.13,1287.81,45905.34,,NO
EMP-1050,lina king,lina.king@novapulse.com, OPS ,south, HYBRID ,"Process Mapping, SQL, Reporting",Y,Y,2012-02-06,40.0,14.0,18.1,47.4,7.2,1,63.2,45.3,6,67.9,2.57,78.9,3210.45, 1781.4 ,40306.81,40.71,
EMP-1051, Nora Scott ,,Finance,North, OFFICE ,"Power BI, Budgeting, Excel",no,N,2004-04-10,47.0,22.0,4.5,36.6,6.9,1,55.3, 44.3 ,4,54.3,2.81,70.7,3764.46,1424.98,46598.49,21.71,no
EMP-1052,Erion  Novak,,FINANCE, NORTH ,Office,"Excel, Financial Modeling, Reporting",NO,FALSE,2018-06-18,33.0,8.0,27.2,34.6,8.4,1,69.3,29.8,7,66.2,3.81,73.5,2553.71,1107.06,,46.31,
EMP-1053,Adrian Müller!,, TECH ,North,Hybrid,"Python, Machine Learning, SQL",Y,YES,2005-03-19, 44.0 ,21.0,30.6,32.2,7.1, 1 ,66.6,30.2,14,62.3,3.1, 70.4 ,4108.55, 1556.66 ,,87.22,false
EMP-1054,Amelia Gjoni,amelia.gjoni@novapulse.com,Sales, CENTRAL , OFFICE ,"CRM, Negotiation, Excel",FALSE,N,2003-01-04,45.0,23.0,,88.0,7.0,1,62.3,42.9,10,64.1,3.05,77.5,3695.46,1751.91,46097.39,64.13,
EMP-1055,  FLORIAN SILVA  , FLORIAN.SILVA@NOVAPULSE.COM ,sales,south,hybrid,"CRM, Negotiation, Excel",N,1,2020-11-20,29.0,5.0,28.4,39.1,7.6,0, 81.2 ,35.6,8,69.3,3.39,78.0,1952.84, 793.71 ,24227.8,,false
EMP-1056,noel hoxha,noel.hoxha@novapulse.com, SALES , SOUTH , OFFICE ,"CRM, Negotiation, Excel",TRUE,true,2008-02-24,39.0,18.0,31.4,47.8,6.3,3,60.9,56.6,8,56.2,2.7,69.0,3475.92,1329.48,43040.48,44.98,0
EMP-1057, Era Rossi ,era.rossi@novapulse.com, SALES ,North,office,"Communication, CRM, Forecasting",yes,1,2025-08-26,22.0,0.0,20.3,55.0,6.2,1,60.6,65.1,4,60.4,2.31,63.8,1923.15,,23899.59,24.15,FALSE
EMP-1058,Kledi  Díaz,kledi.diaz@novapulse.com,,Central, HYBRID ,"Communication, CRM, Forecasting",true,YES,2007-01-20,44.0,,26.0,54.1,5.6,1,81.4,72.5,3,65.4,2.44,80.9,3993.33,1920.78, 49840.76 ,19.63,N
EMP-1059,Sara Mema!,sara.mema@novapulse.com,OPS,central, REMOTE ,"Process Mapping, SQL, Reporting",FALSE,1,2024-03-12,26.0,2.0,45.5,39.0,7.4,0,55.1,35.3,9,64.1,2.75,76.7,1422.84,808.88,17882.95,57.73,N
EMP-1060,Ardit King,ardit.king@novapulse.com,operations,north,,"Process Mapping, SQL, Reporting",NO,yes,2026-03-13, 22.0 ,0.0,31.8,36.6,7.8,1,74.1,22.6,5,71.3,3.74,66.4,1527.62,302.53,,,NO
EMP-1061,  ARTA MEMA  ,,Operations, SOUTH , OFFICE ,"Excel, Process Mapping, Communication",0,YES,2005-06-15,,21.0,32.2,42.1,6.7,0,69.2,38.6,11,65.5,3.1,80.1,3117.11, 1638.16 ,39043.52,72.09,NO
EMP-1062,lina king,,sales, NORTH ,hybrid,"Excel, Presentation, Negotiation",TRUE,yes,2017-01-16,,9.0,52.5,40.0,7.7,1,82.3,25.8,5,67.4, 3.6 ,78.9,2909.44,942.02,35855.25,33.68,NO
EMP-1063, Lina Clark ,lina.clark@novapulse.com,operations, SOUTH , OFFICE ,"Process Mapping, SQL, Reporting",no,yes,2014-06-24,38.0,12.0,52.0,43.0, 7.7 ,0,58.4,43.2,13,69.9,2.6,83.8,2637.19,1294.66,32941.0,90.87,FALSE
EMP-1064,Mia  Walker,mia.walker@novapulse.com, OPS ,South,hybrid,"Process Mapping, SQL, Reporting",0,false,,31.0,5.0, 15.1 ,46.0,6.5,1,55.6,43.4, 0 ,64.8,,57.0,1425.81,380.42,17490.18,0.0,N
EMP-1065,Klea King!,klea.king@novapulse.com,Operations,Central,hybrid,"Process Mapping, SQL, Reporting",YES,TRUE,2021-09-13,26.0,4.0, 13.6 ,47.1,5.9,0,66.0,49.0,2,63.5,2.31,73.8,2490.27,1066.88,,12.69,no
EMP-1066,Ina Martini,, TECH ,north, OFFICE ,"Python, APIs, Docker",N,false,2017-01-24,35.0,9.0,25.0,33.3,8.3,3,53.7,27.6,6,66.3,3.48,69.3,2579.47,862.77, 31816.45 ,,FALSE
EMP-1067,  EMMA DERVISHI  ,emma.dervishi@novapulse.com, OPS ,south,Office,"Excel, Process Mapping, Communication",0,Y,2002-08-13,46.0,23.0,26.6,46.5,7.8,1,51.8, 46.3 ,8,55.0,2.74,71.9, 3299.81 ,1572.63,41170.37,43.97,false
EMP-1068,mia walker,,finance,South,Hybrid,"Power BI, Budgeting, Excel",FALSE,Y,2009-03-28,39.0,17.0,43.0, 37.2 ,8.3,0, 89.4 ,23.7,6,77.6,3.43,90.7,3374.82,1928.88,42426.72,,0
EMP-1069, Era Mema ,era.mema@novapulse.com,Operations, SOUTH ,hybrid,"Excel, Process Mapping, Communication",yes,FALSE,2008-10-20,41.0, 17.0 ,4.9,47.8, 7.9 ,1,57.6,41.6,7,53.1,2.82,58.1,3458.45,1204.27,,37.16,
EMP-1070,Leo  Scott, LEO.SCOTT@NOVAPULSE.COM ,operations,south,Hybrid,"Process Mapping, SQL, Reporting",1,1,2016-10-14,35.0,9.0,16.8,45.0,6.3,0,67.6,45.7,7,64.3,2.69,65.5,2658.31, 353.22 , 32252.95 ,,
EMP-1071,Megi Leka!,megi.leka@novapulse.com,Finance, CENTRAL ,Hybrid,"Excel, Financial Modeling, Reporting",Y,0,2007-01-25,42.0,19.0,7.0,47.1,,2,64.7,60.9,10, 54.9 ,2.62,68.0,4154.34,1514.67,,54.88,N
EMP-1072,Kledi Scott,kledi.scott@novapulse.com,operations, NORTH , OFFICE ,"Process Mapping, SQL, Reporting",N,true,2012-06-07,37.0,14.0,31.6,40.8,6.1,1,62.1,43.2,9,55.6,2.6, 72.6 ,2623.49,987.86,32469.68,50.04,false
EMP-1073,  ELIRA DERVISHI  ,elira.dervishi@novapulse.com,technology,central,Office,"Python, Machine Learning, SQL",N,false,2025-08-09,22.0,0.0,12.5,42.1,7.3,1,52.9,47.7,1,60.8,2.35, 53.1 ,1644.5,,20256.45,6.08,N
EMP-1074,klea mema,klea.mema@novapulse.com, FINANCE ,North, HYBRID ,"Power BI, Budgeting, Excel",FALSE,0,2012-08-23, 35.0 ,13.0,,37.0,7.0,0,80.5,31.6,13,64.2,2.98,72.4,2599.42,1438.9,32631.95,83.44,no
EMP-1075, Lina Kovač ,lina.kovac@novapulse.com,Sales,South, HYBRID ,"Excel, Presentation, Negotiation",YES,YES,2006-06-07,41.0,20.0, 34.6 ,54.5,6.2,0,72.6,65.5,6,64.9,2.72,85.6,4032.07, 2132.96 ,50517.75,38.92,N
EMP-1076,Leon  Green,leon.green@novapulse.com,Finance, CENTRAL ,office,"SQL, Excel, Forecasting",TRUE,no,2024-02-25,29.0,2.0,19.7,41.5,,2,49.6,41.0,3,61.8, 2.49 ,55.0,2232.19,973.95,27760.28,18.55,NO
EMP-1077,Lucas Taylor!,,TECH, NORTH ,Hybrid,"SQL, Power BI, Git",?,Y,2020-05-11,32.0,6.0,51.1,35.4,6.8,1,66.9,29.6,7,72.0,3.41,77.4,2165.35,552.62,26536.83,50.4,0
EMP-1078,Noah Young, NOAH.YOUNG@NOVAPULSE.COM ,OPS, CENTRAL ,hybrid,"Process Mapping, SQL, Reporting",Y,no,2019-01-18,30.0,,21.9,46.5,7.9,2,58.5,49.5,6,59.4,2.67,58.8,2535.01,694.28,31114.41,35.64,false
EMP-1079,  KLEDI MÜLLER  ,kledi.muller@novapulse.com,FINANCE,central,Office,"SQL, Excel, Forecasting",true,Y,2009-06-02,41.0,17.0,39.1,35.3,7.3,0, 74.3 ,24.7,5,69.7, 3.61 ,81.9,3990.5,2094.0,,,FALSE
EMP-1080,ina wilson,,SALES,south,Hybrid,"Communication, CRM, Forecasting",FALSE,yes,2022-01-10,25.0,,29.9,55.4,6.5,2,72.2,59.5,5,61.4,2.65,76.3,1834.14,949.91,22959.57,30.72,FALSE
EMP-1081, Adrian Green ,adrian.green@novapulse.com, SALES ,south,Remote,"Excel, Presentation, Negotiation",true,TRUE,1997-07-01,,29.0,50.8,51.2,6.3,2,63.7,58.2,7,67.0,3.03,89.8,4595.97,2920.01, 58071.61 ,46.87,NO
EMP-1082,Ina  Kovač,ina.kovac@novapulse.com,Sales,central,Office,"Excel, Presentation, Negotiation",TRUE,Y,2009-06-26,,17.0,44.2,47.1,6.6,2,58.9,50.0,7,59.3,3.18,72.3,3463.77,1461.3,43026.56,41.52,
EMP-1083,Leo Green!, LEO.GREEN@NOVAPULSE.COM ,SALES, CENTRAL ,office,"CRM, Negotiation, Excel",FALSE,no,2017-01-22,34.0,,1.1,44.1,7.9,4,60.0,55.3,6,56.0, 2.84 ,59.1,2385.21,696.94,,33.61,N
EMP-1084,Daniel Shehu,daniel.shehu@novapulse.com, SALES , CENTRAL , OFFICE ,"Excel, Presentation, Negotiation",N,1,2008-05-08,40.0,18.0,,48.7,7.5,3,57.6,45.0,10,57.4,2.74,66.7,2824.2,1032.71,,57.45,NO
EMP-1085,  NOEL SILVA  ,noel.silva@novapulse.com,, NORTH , HYBRID ,"SQL, Excel, Forecasting",Y,yes,2015-01-09,37.0,11.0,28.8,39.3,6.9,0,58.7,40.1,3,58.1,3.25,74.6,3127.41,1203.92,38732.87,17.42,0
EMP-1086,megi dervishi,megi.dervishi@novapulse.com,Finance, NORTH ,office,"SQL, Excel, Forecasting",N,Y,2026-06-01,27.0,0.0,,29.2,,0,63.1,22.3,6,73.1,3.61,69.6,1425.32,527.24,17631.09,43.87,
EMP-1087, Klea Shehu ,,TECH, NORTH ,Remote,"SQL, Power BI, Git",1,yes,2012-08-29,37.0,13.0,36.4,45.4,6.7,1,70.8,48.0,9,61.3,2.87,70.7,3561.4,1344.54,44081.4,,
EMP-1088,Anisa  Scott,anisa.scott@novapulse.com,OPS,central, OFFICE ,"Excel, Process Mapping, Communication",1,TRUE,2026-04-30,24.0,0.0,30.3,44.2,7.8,3,61.6,47.0,6,57.1, 2.53 ,59.8,1800.57,457.71,22064.58,34.28,
EMP-1089,Leo Kola!,leo.kola@novapulse.com,Operations,Central,Office,"Quality Control, Excel, Planning",false,Y,2021-11-17,30.0,4.0,36.8,43.3,7.3,1,68.8,145.0,6,63.0,3.2,71.3,1504.0, 594.91 ,,37.79,no
EMP-1090,Mia Petrova,mia.petrova@novapulse.com, SALES , SOUTH , OFFICE ,"CRM, Negotiation, Excel",yes,NO,2016-04-02,36.0,10.0,20.0,54.9,6.9,2,56.8,70.0,3,58.0,2.17,55.4,2474.75,872.1,,17.39,no
EMP-1091,  OLIVER GREEN  , OLIVER.GREEN@NOVAPULSE.COM ,FINANCE, CENTRAL , HYBRID ,"SQL, Excel, Forecasting",TRUE,1,2013-10-08,39.0,12.0,45.4,38.0,7.5,0,66.2,27.1,12,70.2,3.22,78.6,3084.05,1313.32, 38321.87 ,84.19,N
EMP-1092,ina kovač,,operations, CENTRAL , HYBRID ,"Process Mapping, SQL, Reporting",FALSE,TRUE,2012-01-04,37.0,14.0,46.3,36.4,7.0,2,50.2,26.4,11,52.9,2.96,68.5,2524.31,833.78, 31125.47 ,58.15,FALSE
EMP-1093, Enea Petrova ,,SALES,central,Remote,"Excel, Presentation, Negotiation",1,true,1999-03-11,48.0,27.0,22.1,39.4,6.7,2,63.4,21.7,11,65.6,3.79,87.5,4688.17,2905.7,59163.79,72.19,NO
EMP-1094,Enea  García,,FINANCE, CENTRAL , OFFICE ,"SQL, Excel, Forecasting",TRUE,yes,2004-02-25,45.0,22.0, 39.2 ,53.2,6.6,5, 70.2 ,55.5,8,60.5,2.93,77.1, 4188.22 ,2190.32, 52448.96 ,48.43,N
EMP-1095,Nora Rossi!,nora.rossi@novapulse.com,operations, CENTRAL ,Hybrid,"Process Mapping, SQL, Reporting",true,YES,2001-06-07,49.0,25.0,35.7,44.3,8.0,0,68.7,38.2,9,70.9,,80.9,4343.62,2391.14,54514.63,63.78,false
EMP-1096,Erion Clark,erion.clark@novapulse.com,technology,north,office,"Python, Machine Learning, SQL",yes,Y,1992-06-18,60.0,34.0,21.1,44.9,6.9,1,73.5,49.7,13,67.9,2.75,86.8,5727.56,3140.99,71871.77,,FALSE
EMP-1097,  ERA SILVA  ,era.silva@novapulse.com,FINANCE,Central,hybrid,"Excel, Financial Modeling, Reporting",0,1,2013-12-15,,12.0,44.9,34.5,7.0,1,71.3,24.5,5,70.9,3.52,79.5,2927.2,1252.23,36378.6,35.47,
EMP-1098,leon martini,leon.martini@novapulse.com,sales,South,Hybrid,"Excel, Presentation, Negotiation",NO,N,2007-11-26,40.0,18.0,24.4,40.3,7.0,0,,34.5,4,72.6,3.71,77.5,3167.72,1277.11,39289.72,29.03,N
EMP-1099, Era Díaz ,,TECH,South,office,"SQL, Power BI, Git",TRUE,no,2016-01-04,31.0, 10.0 ,8.0,36.2,7.3,1,64.7,42.1,6,57.0,2.94,68.8,3398.19,1222.84,42001.16,34.2,no
EMP-1100,Erion  Green, ERION.GREEN@NOVAPULSE.COM ,Sales, SOUTH , HYBRID ,"Excel, Presentation, Negotiation",no,false,2011-09-11,37.0,14.0,0.0,38.3,7.7,1,64.4,22.5,8,62.1,3.16,64.5, 2334.53 ,770.1,28784.43,49.7,N
EMP-1101,Sara Kovač!, SARA.KOVAC@NOVAPULSE.COM ,Technology,central,,"Python, SQL, Git",false,true,2020-04-09, 31.0 ,6.0,24.6,30.6,8.0,0,67.1,16.7,6,67.5,,75.7,2072.7, 1021.35 ,25893.75,40.52,false
EMP-1102,Nora Clark, NORA.CLARK@NOVAPULSE.COM ,technology, SOUTH , REMOTE ,"Python, SQL, Git",0,true,2006-11-12,44.0,,48.7,38.0, 7.1 ,0,59.9,23.5,4,65.9,3.75,83.1,3198.23,1713.7,40092.47,,NO
EMP-1103,  SARA COSTA  ,sara.costa@novapulse.com,SALES, SOUTH ,Hybrid,"Excel, Presentation, Negotiation",false,YES,2013-01-24,40.0,13.0,43.1, 46.7 ,6.2,3,88.8,53.1,2,74.6,3.7,82.9,2821.77,1812.25,35673.49,14.93,0
EMP-1104,mia novak,mia.novak@novapulse.com, SALES ,North, HYBRID ,"Communication, CRM, Forecasting",FALSE,no,2019-05-16,32.0,7.0,23.2, 50.4 ,7.2,2,75.2,44.2,3,69.9,3.56,79.9,1992.48,960.3,,20.97,
EMP-1105, Daniel Walker ,daniel.walker@novapulse.com,TECH, CENTRAL ,Remote,"Python, APIs, Docker",TRUE,Y,2008-12-08,40.0,17.0,44.5,47.5,7.1,2,49.3,51.2,6,58.2,2.7, 71.1 ,4026.12,1631.08,49944.57,34.95,FALSE
EMP-1106,Megi  Kola,megi.kola@novapulse.com, SALES ,south, HYBRID ,"Excel, Presentation, Negotiation",false,Y,2006-05-06,41.0,20.0,23.1,38.8,7.7,0,75.1,33.0,5,69.2,3.41,70.3,2955.29,1281.84,36745.36, 34.62 ,0
EMP-1107,Lucas Hill!,lucas.hill@novapulse.com,Technology,North,hybrid,"Python, SQL, Git",false,Y,2022-09-03,27.0,3.0,31.2,35.1,7.2,1, 71.7 ,30.7,7,70.9,3.65,70.6,1959.88,668.14,24186.71,,NO
EMP-1108,Leon Novak,leon.novak@novapulse.com,finance,Central,hybrid,"SQL, Excel, Forecasting",false,YES,2013-12-31,39.0,,34.6,39.7,6.8,1,75.8,35.5,6,69.4,3.61,76.1,2628.99,1148.22,,,false
EMP-1109,  ANISA WILSON  ,anisa.wilson@novapulse.com, OPS ,Central, OFFICE ,"Excel, Process Mapping, Communication",Y,YES,2012-02-28,39.0,14.0,32.9,45.8,5.6,3,,52.9,7,64.7,3.03,63.6,3094.81,807.43,37945.13,,false
EMP-1110,amelia hoxha,,TBD,North,remote,"Python, APIs, Docker",TRUE,1,2002-05-25,45.0,24.0,49.9,45.1,7.1,1,76.7,37.8,10,70.6,3.78,90.1,4622.34,2860.63,58328.7,70.56,N
EMP-1111, Kledi Costa ,kledi.costa@novapulse.com,sales, SOUTH ,Hybrid,"CRM, Negotiation, Excel",TRUE,0,2005-11-12,45.0,20.0,13.8,48.5, 6.3 ,1,53.7,48.6,6,58.3,3.12,65.9,3521.83,1287.19,43549.11,,FALSE
EMP-1112,Ardit  Brown, ARDIT.BROWN@NOVAPULSE.COM ,finance, SOUTH , OFFICE ,"SQL, Excel, Forecasting",Y,yes,2016-05-13,35.0,,43.8, 41.2 ,6.5,0,65.2,46.3,4,64.8,2.72,71.6,3194.34,1418.85,,,N
EMP-1113,Era Dervishi!,era.dervishi@novapulse.com,Sales,north,Office,"Communication, CRM, Forecasting",no,NO,2017-09-06,29.0, 8.0 ,13.1,44.3,7.8,2,56.8,37.5,6,54.3, 2.7 ,63.1,2199.3,791.7,27183.26,,0
EMP-1114,Lina Kovač,lina.kovac@novapulse.com,sales,Central,Office,"Excel, Presentation, Negotiation",true,Y,2010-12-18,36.0,15.0,56.0,46.1,7.1,2,76.0,46.3,8,61.6,3.81,77.3,3657.46,1719.31,45608.82,49.28,no
EMP-1115,  ADRIAN MEMA  , ADRIAN.MEMA@NOVAPULSE.COM , TECH ,north,Remote,"SQL, Power BI, Git",Y,YES,2007-10-27,40.0,18.0,42.5,39.4,7.4,0,58.0,41.6, 6 ,67.1,3.19,79.0, 4201.02 ,,52598.38,40.29,0
EMP-1116,mateo rossi,,technology, CENTRAL ,remote,"SQL, Power BI, Git",NO,YES,2012-04-02,35.0,14.0,48.1,34.9,6.8,1,58.1, 28.2 ,9,61.7,3.39,70.5,2776.77,1015.04,34336.23,55.56,
EMP-1117, Florian Novak , FLORIAN.NOVAK@NOVAPULSE.COM ,Technology, NORTH , REMOTE ,"Python, APIs, Docker",true,1,2009-05-17,38.0,17.0,28.4,34.6,6.9,2, 88.7 ,22.2,9,69.0,,69.5,4037.3,1383.77,49831.35,,
EMP-1118,Amelia  García,amelia.garcia@novapulse.com,Technology,North,Remote,"SQL, Power BI, Git",Y,true,2002-09-14,44.0,23.0,,40.7,6.9,0,65.1,30.1,8,58.2,3.56,80.4,4557.83,2240.43,56934.44,,
EMP-1119,Anisa Costa!, ANISA.COSTA@NOVAPULSE.COM ,operations, NORTH , OFFICE ,"Process Mapping, SQL, Reporting",false,TRUE,1998-12-30,48.0,27.0,27.0,39.0,8.2, 0 ,69.2,32.4,7,66.7,3.15,79.6,4015.54,1831.42,50017.95,46.69,FALSE
EMP-1120,Arta Wilson, ARTA.WILSON@NOVAPULSE.COM ,sales, CENTRAL ,remote,"Excel, Presentation, Negotiation",NO,TRUE,2017-06-03,31.0,9.0,46.1,48.5,7.1,0,70.4,45.2,6,72.9,2.92, 77.9 ,2162.9,928.52,26883.36,43.75,0
EMP-1121,  SARA MEMA  ,,Technology,North,remote,"Python, Machine Learning, SQL",YES,1,2016-10-17,35.0,9.0,48.8,38.2,6.3,1,85.0,32.7, 7 ,73.3,3.24,83.8,3181.25,1837.13,40012.11,51.33,no
EMP-1122,megi hill, MEGI.HILL@NOVAPULSE.COM ,operations, SOUTH , HYBRID ,"Process Mapping, SQL, Reporting",NO,TRUE,2008-06-15,43.0, 18.0 ,40.1,41.3,6.8,62,,36.0,12,65.6,2.97,87.9,3078.36,1665.29,38605.58,78.74,0
EMP-1123, Kledi Scott ,,Technology,North,Remote,"Python, SQL, Git",yes,true,1997-06-20,53.0,29.0,39.6,41.3,6.6,2,70.1,44.7,6,65.4,2.76,82.4,5212.08,2975.04,65520.04,39.22,FALSE
EMP-1124,Florian  Hoxha,florian.hoxha@novapulse.com,operations,Central,Office,"Process Mapping, SQL, Reporting",no,true,,33.0,8.0, 26.0 ,45.0,6.9,3,68.7,45.7,13,62.9,2.89,63.2,1853.07,874.24,23111.08,81.83,FALSE
EMP-1125,Erion Novak!, ERION.NOVAK@NOVAPULSE.COM ,,North, OFFICE ,"CRM, Negotiation, Excel",Y,FALSE,2021-06-19,29.0,5.0,17.0,49.2,5.7,1,55.2,57.8,3,61.7,2.57,60.3,2574.8,804.13,,,
EMP-1126,Arta Green,,Operations, SOUTH ,remote,"Quality Control, Excel, Planning",FALSE,TRUE,2025-10-30,27.0,0.0,,28.3,8.5,1,77.3,6.0,5,74.2,4.17,66.3,989.21,387.3,12257.78,37.12,0
EMP-1127,  NOEL BROWN  ,noel.brown@novapulse.com,Sales, SOUTH ,remote,"Excel, Presentation, Negotiation",1,TRUE,2009-09-18,40.0,16.0,40.3,55.1,,0,59.9,51.7,6,60.4,3.04,74.9,3796.11,1820.17,47373.46,36.21,
EMP-1128,andi gjoni,andi.gjoni@novapulse.com,OPS, CENTRAL ,Office,"Excel, Process Mapping, Communication",no,TRUE,2011-03-03,37.0,15.0,50.8,39.7,7.3,0,62.7,34.4,6,62.4,3.39,82.6,2756.68,1451.52,34531.71, 37.42 ,false
EMP-1129, Nora Rama ,nora.rama@novapulse.com,Technology,south, REMOTE ,"Python, APIs, Docker",0,1,2023-11-24,28.0,2.0,42.2, 44.1 , 6.7 ,0,69.6,47.1,4, 61.7 ,2.95,75.8,1734.95,928.7,21748.15,24.67,no
EMP-1130,Andi  García,andi.garcia@novapulse.com,finance, CENTRAL ,Hybrid,"Power BI, Budgeting, Excel",TRUE,0,2008-03-06,43.0,18.0,11.8,38.6,7.0,0,61.4,31.4,7, 62.9 ,3.13,62.8,3568.98,736.63,43564.41,,false
EMP-1131,Lina Scott!,lina.scott@novapulse.com,TECH,Central,Hybrid,"Python, Machine Learning, SQL",1,YES,2000-08-30,47.0,25.0,20.6,47.8,7.1,1,79.9,41.1,7, 67.2 ,3.4, 77.5 ,4634.19,2254.29,,47.01,FALSE
EMP-1132,Megi Kola, MEGI.KOLA@NOVAPULSE.COM ,FINANCE,Central, OFFICE ,"Power BI, Budgeting, Excel",true,0,2007-05-04,42.0,19.0,26.1,43.9,7.4,3,56.9, 52.8 ,9,54.7,2.44,71.0, 3714.62 ,1384.98,45960.48,49.26,no
EMP-1133,  MIA DÍAZ  ,mia.diaz@novapulse.com, SALES , SOUTH ,remote,"Communication, CRM, Forecasting",yes,yes,2015-08-30,33.0,10.0,39.7,48.8,6.9,0,59.6, 48.8 ,7,62.4, 2.61 ,73.4,2700.56,986.47,33393.2,43.66,false
EMP-1134,erion garcía,erion.garcia@novapulse.com,SALES, SOUTH ,office,"Communication, CRM, Forecasting",FALSE,yes,2009-02-04,38.0,17.0,46.4,44.1,6.4,0,67.3,43.8,6,63.5,3.19,82.0,3013.64,1463.81,37627.49,38.08,no
EMP-1135, Adrian Walker , ADRIAN.WALKER@NOVAPULSE.COM ,SALES,South,office,"Excel, Presentation, Negotiation",Y,0,2014-04-20,38.0,12.0,12.4,42.3,7.0,2,61.7,47.3,10,64.1,3.22,62.8,2944.77,916.69,36253.96,64.08,0
EMP-1136,Mia  Petrova,mia.petrova@novapulse.com, TECH , CENTRAL ,hybrid,"Python, Machine Learning, SQL",yes,YES,2010-08-10,42.0,15.0,37.1,52.2,6.3,1, 76.6 ,52.3,6,64.0,,83.0,3684.59,,46135.91,38.38,
EMP-1137,Sara Novak!, SARA.NOVAK@NOVAPULSE.COM ,operations, CENTRAL , OFFICE ,"Process Mapping, SQL, Reporting",TRUE,0,2012-03-02,36.0,14.0,18.4,47.1,7.4,1,57.0,55.6,8,68.3,2.19,70.4, 3140.07 ,1216.14,38896.98,54.61,N
EMP-1138,Emma García,emma.garcia@novapulse.com,SALES,Central,office,"Excel, Presentation, Negotiation",1,FALSE,2018-02-11,33.0,8.0,23.3,46.5,5.8,0, 48.5 ,56.4,4,56.5,2.3,66.1,2565.03,887.61,, 22.6 ,0
EMP-1139,  ADRIAN PRIFTI  ,adrian.prifti@novapulse.com,technology,central,Remote,"Python, SQL, Git",NO,true,2004-11-01,43.0,21.0,39.1,41.4,7.0,0,67.9,41.4,8,71.4,2.93,83.9,3599.52,1750.2,44944.5,,false
EMP-1140,lucas dervishi,lucas.dervishi@novapulse.com,Finance,north,hybrid,"Excel, Financial Modeling, Reporting",N,TRUE,2004-05-25,43.0,22.0,46.8, 40.2 ,7.5, 0 ,83.1,40.9,8,72.5,3.29,85.9, 3672.97 ,1852.98,,57.97,FALSE
EMP-1141, Emma Prifti ,,operations,central, HYBRID ,"Process Mapping, SQL, Reporting",NO,0,2013-05-25,34.0,13.0,12.4,52.7,6.7, 3 ,57.1,61.4,6,54.0,2.27,59.6,2185.08,684.98,26905.99,32.42,false
EMP-1142,Andi  Leka, ANDI.LEKA@NOVAPULSE.COM ,FINANCE,north, HYBRID ,"Power BI, Budgeting, Excel",true,YES,,53.0,28.0,49.9,38.1,7.4,1,71.8,34.7,5,71.0,3.51,81.5,4465.08,2549.22,56130.19,,no
EMP-1143,Amelia Green!,amelia.green@novapulse.com,TECH, CENTRAL ,remote,"Python, Machine Learning, SQL",no,yes,2002-11-14,46.0,23.0,37.0,46.3,7.3,0,68.8,41.0,7,65.2, 2.8 ,91.3,3827.21,2452.05,48378.55,45.63,no
EMP-1144,Era Leka,,SALES,central, REMOTE ,"CRM, Negotiation, Excel",no,N,2009-11-03,40.0, 16.0 ,20.0,40.6,5.9,2,71.0,37.2,4,66.4,3.67,74.2,2985.86,1532.24,,26.55,
EMP-1145,  INA DÍAZ  ,ina.diaz@novapulse.com,operations, CENTRAL ,Office,"Process Mapping, SQL, Reporting",false,yes,2024-04-11,26.0,2.0,23.6,33.5,7.4,1,59.2,27.6,5,48.2,3.07,69.7,1549.6,429.96,, 24.1 ,FALSE
EMP-1146,amelia silva,,Technology, CENTRAL , REMOTE ,"Python, APIs, Docker",0,yes,1998-10-29,50.0,27.0,33.6,47.2,6.9,0,73.3,46.3,3,68.1,2.99,91.0,4368.72,2659.2,,20.44,0
EMP-1147, Leon Taylor ,, SALES , NORTH ,Hybrid,"Excel, Presentation, Negotiation",false,true,2020-02-16,30.0,6.0, 26.9 ,45.1,6.7,0,63.3,45.0,6,57.3,3.06,66.1,2050.98, 875.6 ,25487.39,34.38,FALSE
EMP-1148,Sara  Taylor,,Sales, SOUTH , HYBRID ,"Excel, Presentation, Negotiation",no,Y,2010-02-19,40.0,16.0,39.4,45.7,7.7,4,80.5,41.0,8,76.7,3.59,82.7,2849.17,1500.27,35690.31,61.33,
EMP-1149,Amelia Mema!,amelia.mema@novapulse.com,operations,North, OFFICE ,"Process Mapping, SQL, Reporting",true,1,2002-02-22,48.0, 24.0 ,17.3,42.9,6.0,0,66.2,45.5, 13 ,60.8,2.76,69.8,4169.21,1436.97,51467.53,79.03,
EMP-1150,Megi Leka, MEGI.LEKA@NOVAPULSE.COM , FINANCE , NORTH ,Hybrid,"Excel, Financial Modeling, Reporting",false,TRUE,2011-05-26,40.0,15.0,31.2,39.7,6.6,1,66.3,36.3,2,64.3,2.85,72.4,3119.22, 25000.0 , 38832.49 ,12.87,0
EMP-1151,  ADRIAN BROWN  , ADRIAN.BROWN@NOVAPULSE.COM , FINANCE ,central,Hybrid,"Power BI, Budgeting, Excel",TRUE,Y,2005-03-05, 46.0 ,21.0,41.9, 45.8 ,,1,78.7,44.9,5,75.3,2.65,83.2,4266.02,2245.98,53438.23,37.66,NO
EMP-1152,kledi petrova,kledi.petrova@novapulse.com,technology,central,hybrid,"Python, SQL, Git",1,yes,2010-02-03,37.0,16.0,33.7,45.7,6.8,0,75.1,46.6,10,60.2,3.13,78.4,4101.18,2195.33,,,false
EMP-1153, Arta Hill ,arta.hill@novapulse.com,Operations,central, REMOTE ,"Process Mapping, SQL, Reporting",NO,true,2009-09-02,,16.0,46.9,46.7,7.0,3,67.1,45.9,13, 72.0 ,3.22,75.1,2793.75,1195.79,,,FALSE
EMP-1154,Oliver  Wilson,oliver.wilson@novapulse.com, FINANCE ,Central,office,"Excel, Financial Modeling, Reporting",1,yes,2020-08-26,31.0,5.0,44.8,39.9,8.3,3,57.9,41.5,3,62.6,2.94,69.6,2708.54,1100.97,,18.78,0
EMP-1155,Lina Brown!, LINA.BROWN@NOVAPULSE.COM ,sales,south,Office,"CRM, Negotiation, Excel",0,FALSE,2026-03-28,26.0,0.0,0.1,51.1,,3,57.2, 53.8 ,1,55.4,2.12,56.3,1339.28,502.85,16574.26,5.54,
EMP-1156,Noah Rama, NOAH.RAMA@NOVAPULSE.COM ,FINANCE,south,office,"SQL, Excel, Forecasting",1,TRUE,2008-11-05,38.0,17.0, 40.6 ,43.2,6.2,1,42.1,53.4,4,53.4,2.63,64.3,3669.72,1322.97,45359.6,,FALSE
EMP-1157,  NORA SCOTT  ,nora.scott@novapulse.com,finance,south,Office,"SQL, Excel, Forecasting",TRUE,NO,2005-04-19,46.0,21.0,22.7,38.4,6.2,1,48.0,40.8,10,56.3,2.58,61.7,3758.0,1132.62,,56.3,0
EMP-1158,emma prifti,emma.prifti@novapulse.com, SALES , CENTRAL ,office,"Excel, Presentation, Negotiation",N,TRUE,2012-10-07,39.0,13.0,30.6,44.9,,2,64.6,45.5,7,59.0,3.04,76.7,2600.55,1125.4,,41.31,N
EMP-1159, Lina Brown ,lina.brown@novapulse.com, OPS , SOUTH , OFFICE ,"Process Mapping, SQL, Reporting",false,false,2015-03-16, 33.0 ,11.0,21.0,40.7,7.9,2,56.7,40.3,4,59.4,2.72,57.7,2565.8,891.04,31680.61,23.76,
EMP-1160,Oliver  Kola,oliver.kola@novapulse.com,SALES,south,hybrid,"Excel, Presentation, Negotiation",true,YES,2013-04-25,,13.0,,49.4,6.2,3,67.1,45.3,9,59.3,3.01,71.4,3325.77,1537.3,41446.59, 53.36 ,0
EMP-1161,Anisa Prifti!,, FINANCE , CENTRAL , HYBRID ,"SQL, Excel, Forecasting",YES,false,2014-05-10,36.0,,32.0,45.6,6.5,1,56.3,53.8,4,63.1,2.86,66.0,3107.01,648.22,,25.24,false
EMP-1162,Dea García,dea.garcia@novapulse.com, SALES , NORTH ,office,"Communication, CRM, Forecasting",FALSE,N,2022-03-11,28.0,4.0,15.3,43.7,6.7,2,61.9,41.7,4,56.7,2.57,60.1,1719.44,474.21,21107.43,22.7,
EMP-1163,  ANISA BROWN  ,anisa.brown@novapulse.com,SALES,South,Remote,"Excel, Presentation, Negotiation",FALSE,Y,2008-04-08,41.0,18.0,35.8, 47.5 ,6.7,1,61.1, 45.4 ,2,63.7,3.44,78.6,3177.64,,39644.39,12.75,no
EMP-1164,ardit young, ARDIT.YOUNG@NOVAPULSE.COM ,TECH,north,Remote,"Python, SQL, Git",1,yes,2004-11-17,48.0,21.0,43.4,49.4,7.1,1,,62.1,6,65.0,2.83,78.8,4434.57,2186.33,55401.13,,0
EMP-1165, Enea Young ,enea.young@novapulse.com,SALES,north,Hybrid,"Communication, CRM, Forecasting",false,true,2020-05-27,33.0,6.0,,47.0,7.5,2,62.5,46.4,4, 56.8 ,2.77, 63.4 ,2083.58,519.62,,22.74,NO
EMP-1166,Sara  Clark, SARA.CLARK@NOVAPULSE.COM ,operations,North,Office,"Excel, Process Mapping, Communication",FALSE,N,2011-06-23,38.0,15.0,14.0,37.7,7.0,0,63.6,40.9,6, 54.1 ,2.67,71.9,2680.43,1018.5,33183.63,32.46,
EMP-1167,Era Brown!,,SALES, CENTRAL , OFFICE ,"Communication, CRM, Forecasting",no,YES,2008-03-31,43.0,18.0, 56.6 ,39.8,7.3,1,61.5,34.1, 4 , 70.2 ,3.05, 81.4 ,3213.19,1823.34,40381.63,,no
EMP-1168,Noel King,noel.king@novapulse.com,operations,Central,Hybrid,"Excel, Process Mapping, Communication",TRUE,yes,2002-04-05,50.0,,49.1,56.2,5.7,2,61.8,69.1,7,59.4,2.65,86.8, 4135.08 ,2394.78,52015.74,,no
EMP-1169,  MATEO TAYLOR  ,mateo.taylor@novapulse.com,FINANCE,Central,Hybrid,"SQL, Excel, Forecasting",FALSE,yes,2003-09-14,43.0,22.0, 33.7 ,38.7,7.5, 0 ,66.5,27.2,10,67.6,3.36,85.8,3618.42,2178.09,45599.09,,false
EMP-1170,oliver young,, SALES , NORTH ,hybrid,"Excel, Presentation, Negotiation",0,YES,2015-11-08,33.0,10.0,46.5,44.5,7.1,3,67.8,36.0, 7 ,74.3,3.67,75.8,2565.98,1575.25,32366.97,,
EMP-1171, Anisa Martini ,anisa.martini@novapulse.com,sales,south,hybrid,"CRM, Negotiation, Excel",true,true,2000-01-29,47.0,, 52.4 ,48.2,6.3,2,76.4,46.6,4,70.8,3.43,84.9,4181.86,2325.61,52507.87,28.33,no
EMP-1172,Adrian  Martini,adrian.martini@novapulse.com, FINANCE ,central, REMOTE ,"Power BI, Budgeting, Excel",false,TRUE,2001-12-29,49.0,24.0,52.5,42.2, 6.0 ,1,66.3,35.3,9,78.6,3.72,85.4, 3858.15 ,2369.89,48667.66, 70.78 ,
EMP-1173,Sofia King!,sofia.king@novapulse.com,FINANCE,Central,hybrid,"Excel, Financial Modeling, Reporting",N,yes,2003-05-24,44.0,23.0,33.0,39.1,,0,69.1,32.7,5,70.1,3.3,82.7,4031.1,,50683.0,35.05,FALSE
EMP-1174,Amelia Kola,amelia.kola@novapulse.com,Finance, CENTRAL ,Hybrid,"Excel, Financial Modeling, Reporting",true,Y,2004-03-06,46.0,22.0,37.8,42.3, 7.1 ,1,66.2,34.9,6,66.4,2.9,89.7,4575.9,3010.13,57920.94,,FALSE
EMP-1175,  SARA KOLA  ,sara.kola@novapulse.com,Finance,central, REMOTE ,"Excel, Financial Modeling, Reporting",no,yes,2016-05-17,37.0,10.0,46.9,39.5, 6.1 ,1,82.2,34.3,7,67.6,3.88,74.8,2446.79,870.43,,,FALSE
EMP-1176,sara green,, OPS , SOUTH , HYBRID ,"Excel, Process Mapping, Communication",N,true,2013-08-18,34.0,12.0,39.3,42.2,7.2, 3 ,64.6,50.5,4,65.6,3.34,69.7,2095.94,767.7,25918.99,,FALSE
EMP-1177, Adrian Díaz ,adrian.diaz@novapulse.com,Operations,north,,"Process Mapping, SQL, Reporting",0,Y,2013-08-08,34.0,12.0,40.3,41.8,7.6,1,77.8,22.1,7,67.8,3.32,73.6,2177.39,629.32,26757.94, 47.46 ,0
EMP-1178,Leo  Hill,leo.hill@novapulse.com,Sales,south, OFFICE ,"CRM, Negotiation, Excel",FALSE,true,2022-08-07,24.0,3.0,19.1,43.7,7.8,1,34.3, 46.0 ,5,55.5,2.06,55.0,1439.44,463.07,17736.33,27.76,
EMP-1179,Daniel Prifti!,, OPS ,South,office,"Process Mapping, SQL, Reporting",N,yes,2018-02-24,32.0,8.0, 11.5 ,48.5,6.1,2,50.1,56.3, 2 ,57.5,2.4,56.5,1587.87,588.65,19643.04,11.5,N
EMP-1180,Nora Costa,nora.costa@novapulse.com, SALES , SOUTH ,Hybrid,"CRM, Negotiation, Excel",yes,FALSE,2013-02-20, 38.0 ,13.0,,47.2,6.6,3,69.8,54.6,10,64.5,2.82,66.9,2952.52,977.16,36407.38,64.52,
